time,body1,body2,numContacts,cpx_avg,cpy_avg,cpz_avg,cnx_avg,cny_avg,cnz_avg,fx_avg,fy_avg,fz_avg,mx_avg,my_avg,mz_avg
1.57,Terrain0,hrp2[RLEG_JOINT5],10,-0.180590470358,-0.0742584025885,-0.000540082109014,-3.78842154577e-15,-9.43945235259e-17,-1.0,85.585469531,17.5762153936,331.417417874,-0.00317093902731,-0.00475753009881,-2.40926645965
1.57,Terrain0,hrp2[LLEG_JOINT5],11,0.238739189042,0.128709276813,-8.67043674734e-05,4.93572299882e-15,0.0,-1.0,-84.5407212415,-15.5079814017,217.711206147,-0.00189687311816,-0.00184462449846,-6.67519017107
1.59,Terrain0,hrp2[RLEG_JOINT5],11,-0.21850431647,-0.0739527275738,-0.000388580763214,-7.09321177428e-16,-2.68288293267e-16,-1.0,84.7948502873,17.3390467691,323.940701043,-0.00932136935139,-0.00438321288749,-3.25597361907
1.59,Terrain0,hrp2[LLEG_JOINT5],10,0.250674665683,0.132851731348,-8.84415896755e-05,-3.50578089765e-15,2.80274939102e-16,-1.0,-86.8273928391,-16.2321554264,223.515735443,-0.000911979805039,-0.00124421563376,-5.85901903787
1.61,Terrain0,hrp2[RLEG_JOINT5],10,-0.18134252381,-0.0706392246606,-0.000716422991147,0.0,0.0,-1.0,88.5278527607,21.0795203339,338.048757499,-0.00559405140523,-0.00205633853658,-3.22361648981
1.61,Terrain0,hrp2[LLEG_JOINT5],11,0.258429456359,0.137993585778,-0.000101575351983,-2.1715273162e-15,1.14381548335e-15,-1.0,-92.5083841609,-17.1679190222,237.389759726,-0.000111293282275,-0.000359558193961,-6.40329487212
1.63,Terrain0,hrp2[RLEG_JOINT5],10,-0.181276828997,-0.0569686742485,-0.000665367467372,-1.99099112734e-14,-4.64962933549e-15,-1.0,84.3358494467,17.4690418462,325.005303312,-0.00303104513472,-0.00571943736794,-3.07043541776
1.63,Terrain0,hrp2[LLEG_JOINT5],11,0.238874581884,0.134006994788,-8.94115957945e-05,-5.91641052e-16,8.37684744544e-16,-1.0,-88.0415590131,-16.5751200608,229.282557906,8.7466749131e-05,-0.000330688848162,-5.98568978419
1.65,Terrain0,hrp2[RLEG_JOINT5],10,-0.181372794179,-0.0511697585733,-0.000612019477872,0.0,-6.79041690023e-16,-1.0,85.5033151426,16.3428134333,330.110548317,-0.000758394214872,-0.0049926781517,-2.56167423233
1.65,Terrain0,hrp2[LLEG_JOINT5],11,0.259054828694,0.125594957244,-7.66815048866e-05,0.0,-1.12236937173e-15,-1.0,-84.6741670971,-15.8464116791,218.942687291,3.2125368655e-05,-0.00067034286001,-6.64692493775
1.67,Terrain0,hrp2[RLEG_JOINT5],10,-0.181507734301,-0.0512007548137,-0.000668164220739,1.70156442715e-15,3.89326933668e-15,-1.0,88.1636142073,15.6316398758,331.4454025,-0.00583798493948,-0.000767621178637,-4.40929124156
1.67,Terrain0,hrp2[LLEG_JOINT5],11,0.23900625345,0.133992833359,-8.01714649848e-05,2.18274711793e-15,2.27471819388e-15,-1.0,-90.8619212034,-16.5232947953,234.768655475,1.2297728227e-05,-0.000434498910603,-6.21158890456
1.69,Terrain0,hrp2[RLEG_JOINT5],10,-0.180588100512,-0.0645706161193,-0.000562603130488,-2.79514645681e-15,1.91217994134e-15,-1.0,86.5506711263,16.9130203415,327.230217023,-0.00304745827186,-0.00340835337796,-3.31901171863
1.69,Terrain0,hrp2[LLEG_JOINT5],11,0.259410936848,0.129156050193,-7.18581053896e-05,-1.01462555547e-15,0.0,-1.0,-89.6124215195,-17.0359720727,231.689693166,-0.000106815207886,-0.000402076244029,-6.06034338654
1.71,Terrain0,hrp2[RLEG_JOINT5],11,-0.19964066713,-0.0687052891999,-0.000503117586093,-1.30789612742e-14,-1.16842529184e-15,-1.0,119.823072247,60.6982340127,394.21487064,0.0168173967468,-0.0199998906311,4.99769590559
1.71,Terrain0,hrp2[LLEG_JOINT5],10,0.251260923061,0.132872723841,-7.04086679218e-05,-5.49159186439e-16,0.0,-1.0,-84.748285108,-29.2317665885,207.052260749,0.000168352741061,-0.000771998503942,-4.53316116167
1.73,Terrain0,hrp2[RLEG_JOINT5],11,-0.219717825219,-0.0743102760454,-0.000399667289238,-3.7264585202e-16,4.39761111588e-16,-1.0,84.3984658961,17.1304934358,326.990308181,-0.00856090177136,-0.00210525303973,-3.04337001527
1.73,Terrain0,hrp2[LLEG_JOINT5],10,0.272266649601,0.147004024055,-7.85189245628e-05,-9.66042130648e-15,2.79323425738e-16,-1.0,-90.1894934469,-17.5133704821,233.434950491,-0.000304112206682,-0.000405450929719,-6.0170756609
1.75,Terrain0,hrp2[RLEG_JOINT5],11,-0.218788365807,-0.0656747643542,-0.000329865021569,7.94521847777e-15,-7.71528048211e-16,-1.0,83.9246376548,17.7411207717,318.92929208,-0.00843093886094,-0.00199154766219,-3.49862721908
1.75,Terrain0,hrp2[LLEG_JOINT5],10,0.273698697723,0.127551729024,-5.95640966775e-05,-1.44262221613e-15,9.2071419027e-16,-1.0,-87.0043346491,-17.0359953378,228.349177054,1.43020738e-05,-0.000387816775163,-5.35286227439
1.77,Terrain0,hrp2[RLEG_JOINT5],11,-0.239188286248,-0.0746874580844,-0.000284539364442,1.53483674969e-15,1.23020170806e-15,-1.0,92.4959205314,18.3584517609,333.358673478,-0.00877392916379,-0.0046361289311,-3.7462491502
1.77,Terrain0,hrp2[LLEG_JOINT5],10,0.230016196441,0.132472512009,-5.72166489391e-05,3.61318359395e-15,0.0,-1.0,-89.9682804666,-16.1071836785,219.321586543,0.000394207028332,-0.000465492857658,-6.26462777453
1.79,Terrain0,hrp2[RLEG_JOINT5],11,-0.259082313448,-0.0850740966478,-0.000209649367633,2.40683279074e-15,4.96671038303e-16,-1.0,83.1808597031,19.2851795539,318.77739458,-0.0110688473899,-0.00202139204905,-5.98071284207
1.79,Terrain0,hrp2[LLEG_JOINT5],10,0.250765618753,0.142598658816,-6.14507623077e-05,-3.78961157942e-17,-2.79579028127e-16,-1.0,-86.9202644058,-17.9710510188,227.737501586,-0.000214941311035,-0.000387154034385,-2.16180194559
1.81,Terrain0,hrp2[RLEG_JOINT5],11,-0.259518531739,-0.0797332543507,-0.000244777714252,7.99811959179e-15,-5.69774641065e-16,-1.0,92.6274276594,19.862105769,333.371896886,-0.0101556886155,-0.00419763682311,-5.371028771
1.81,Terrain0,hrp2[LLEG_JOINT5],10,0.272403169874,0.147003621609,-6.16610657921e-05,-5.63456378461e-16,-2.7965886233e-16,-1.0,-90.043619938,-17.1838539779,218.209966069,-0.000405300372835,-0.000479337346127,-4.20076224418
1.83,Terrain0,hrp2[RLEG_JOINT5],11,-0.279786542816,-0.0756087177801,-0.000174422352129,1.03240090645e-15,-1.97161350545e-15,-1.0,83.9749415506,18.6197333058,319.054049653,-0.00933550250375,-0.0020649829468,-6.15384331751
1.83,Terrain0,hrp2[LLEG_JOINT5],10,0.229419146919,0.142198146061,-5.34197919457e-05,4.65279039316e-15,-2.79720787031e-16,-1.0,-87.2146595007,-17.966062008,227.389466219,-6.52580645635e-05,-0.000378113468088,-2.26189113397
1.85,Terrain0,hrp2[RLEG_JOINT5],11,-0.258796410673,-0.0875219730278,-0.000232865260023,-4.72656475487e-15,-1.80716920339e-16,-1.0,89.469980265,19.8848320596,331.987008637,-0.0133074383415,-0.00153737173714,-6.24116706177
1.85,Terrain0,hrp2[LLEG_JOINT5],10,0.186403010271,0.122151288062,-4.89640959484e-05,-2.2746535874e-15,6.5363716178e-16,-1.0,-91.1375207976,-17.9339013531,225.322687271,-3.46956321127e-05,-6.27303732588e-05,-2.70912974773
1.87,Terrain0,hrp2[RLEG_JOINT5],11,-0.259344118653,-0.0698956646901,-0.000235251885,-5.30375822161e-15,2.72634205485e-16,-1.0,86.0651649469,17.8071664102,322.037640268,-0.013211960193,-0.00106510029776,-6.31509592043
1.87,Terrain0,hrp2[LLEG_JOINT5],10,0.208668251338,0.114208533373,-4.2081750719e-05,-4.59581201174e-15,-5.59952234666e-16,-1.0,-88.0829554091,-17.3699787172,225.022234894,9.10115656186e-05,-5.94225768093e-05,-2.75806064448
1.89,Terrain0,hrp2[RLEG_JOINT5],11,-0.239331984798,-0.0759277502291,-0.000232776668469,-2.67248282931e-15,5.12725819621e-16,-1.0,94.1850751869,20.0757352565,335.992774609,-0.0105713827866,-0.00343898413897,-6.09383707698
1.89,Terrain0,hrp2[LLEG_JOINT5],10,0.252843378221,0.113358538864,-3.91556234392e-05,-2.60463419234e-15,-5.59830615994e-16,-1.0,-91.3317001148,-16.9692506256,216.664421094,0.000145302518528,-0.000149483555633,-3.81081461946
1.91,Terrain0,hrp2[RLEG_JOINT5],11,-0.260006548529,-0.0729500828335,-0.000213555506479,-3.12692768132e-15,0.0,-1.0,0.0,0.0,14.641467597,2.77555756156e-17,-4.48859699409e-17,0.0
1.91,Terrain0,hrp2[LLEG_JOINT5],10,0.229877495836,0.128405653893,-4.37569099069e-05,-1.15418357507e-15,-2.79615604125e-16,-1.0,0.0,1.20464453782e-13,141.949933287,0.0,-2.6645352591e-15,-1.82136175642e-14
1.93,Terrain0,hrp2[RLEG_JOINT5],11,-0.239787538224,-0.0658490779275,-0.000256064368462,-7.92050345327e-15,-2.74262793576e-16,-1.0,87.0711321047,20.6302826522,329.2555212,-0.0112606890162,-0.000319625913706,-6.14369111535
1.93,Terrain0,hrp2[LLEG_JOINT5],10,0.209034941294,0.118101386626,-5.70593634819e-05,1.1498464966e-15,0.0,-1.0,-91.2580971242,-17.2409164694,230.270829175,0.000581531889431,0.00120904002179,-2.9164535125
1.95,Terrain0,hrp2[RLEG_JOINT5],11,-0.219349780067,-0.0758088949369,-0.0002301448463,0.0,-2.25359455765e-15,-1.0,85.5391917131,25.2836805965,321.379156988,-0.00819980778674,0.000240661767596,-4.41021444005
1.95,Terrain0,hrp2[LLEG_JOINT5],10,0.208108208298,0.141624364967,-7.04264892646e-05,-1.74587054349e-15,-8.62725694876e-16,-1.0,-86.7947910483,-25.8331812902,222.585972964,0.000239593858603,-0.000301945439697,-2.75744261075
1.97,Terrain0,hrp2[RLEG_JOINT5],11,-0.279987061335,-0.0756827595794,-0.000170228778794,3.13000819301e-15,4.24672593894e-16,-1.0,97.0537928403,24.9725511676,344.917719238,-0.00809970915047,-0.00398930042224,-4.77257634838
1.97,Terrain0,hrp2[LLEG_JOINT5],10,0.186729466429,0.141221787099,-7.04696863752e-05,-5.99763839224e-15,2.82611981379e-16,-1.0,-91.7756671247,-23.4021803357,212.327494387,0.000600262480519,-0.000364147055754,-4.26680893627
1.99,Terrain0,hrp2[RLEG_JOINT5],10,-0.182178359328,-0.0610149638236,-0.000439100801459,-2.94866728955e-15,-2.21239341196e-15,-1.0,88.9725565799,16.7184206574,333.122386784,-0.00409360903626,-0.00592508896376,-4.0604003811
1.99,Terrain0,hrp2[LLEG_JOINT5],10,0.186398787377,0.133216150579,-6.14285008698e-05,5.81401094314e-15,-5.64474134495e-16,-1.0,-95.8484563635,-16.8754845732,238.11155496,0.000979218752408,0.00080965785527,-7.03626517878
2.01,Terrain0,hrp2[RLEG_JOINT5],12,-0.250726436075,-0.0776913613761,-0.000212128002671,-6.83539190672e-15,2.41492333595e-16,-1.0,100.339887369,2.34396608432,338.652200486,-0.0163655837708,-0.00185873240541,-7.13647556555
2.01,Terrain0,hrp2[LLEG_JOINT5],9,0.194395930344,0.127418990782,-8.29756181058e-05,-1.32284069748e-15,0.0,-1.0,-89.6316354784,-27.61540964,218.542889517,0.00213445291691,0.000245635130979,-5.77980036332
2.03,Terrain0,hrp2[RLEG_JOINT5],12,-0.251388806745,-0.0726537840355,-0.000226952044202,-4.55012556355e-15,-7.87756063956e-16,-1.0,85.0812633199,21.9555436603,321.827671127,-0.0101890703608,0.00125918249031,-5.18023421975
2.03,Terrain0,hrp2[LLEG_JOINT5],9,0.169510440718,0.142217023267,-0.000101981555388,2.79219604908e-15,0.0,-1.0,-91.0478240556,-22.8263972552,229.175376556,2.74806527263e-05,0.00229179630966,-2.55645448825
2.05,Terrain0,hrp2[RLEG_JOINT5],12,-0.251547324531,-0.0727154636819,-0.000272333216298,-3.6826782145e-15,1.72421555877e-15,-1.0,93.123142053,21.6130655652,346.920629025,-0.0129697959496,-0.000631411424079,-5.86825864021
2.05,Terrain0,hrp2[LLEG_JOINT5],9,0.194410619833,0.136317326483,-8.9066519599e-05,-2.76540652745e-15,3.47501351169e-15,-1.0,-97.8411342434,-17.1744884947,228.14428778,0.000974930502868,0.00172713805922,-4.03300708866
2.07,Terrain0,hrp2[RLEG_JOINT5],12,-0.251231972378,-0.0819894232366,-0.000242583519476,-1.48238332085e-15,-3.72102265855e-15,-1.0,95.3344813468,23.4797957958,340.459509491,-0.010178392081,-0.00318554028822,-4.85871417545
2.07,Terrain0,hrp2[LLEG_JOINT5],9,0.194754583471,0.120987083489,-7.31545970635e-05,-3.4283424527e-15,-6.40121164954e-16,-1.0,-90.877922961,-21.3250327932,212.754222296,0.000736321636092,0.000469458471857,-4.37135728149
2.09,Terrain0,hrp2[RLEG_JOINT5],11,-0.259650074959,-0.0787664951813,-0.000199242580897,-5.98469089015e-16,1.23496674394e-15,-1.0,96.4862641339,24.7635500599,343.839562898,-0.00856973538678,-0.00410523034308,-4.79965439535
2.09,Terrain0,hrp2[LLEG_JOINT5],10,0.231308606002,0.118628829835,-7.69556228091e-05,-1.11578865203e-15,-5.63742389443e-16,-1.0,-92.9974752643,-22.7975038798,215.309031389,0.00059408168422,-0.00219138681642,-4.20938620223
2.11,Terrain0,hrp2[RLEG_JOINT5],11,-0.260464601255,-0.0730985852383,-0.000221653126322,5.60952068926e-16,1.7344573028e-15,-1.0,90.6188837253,23.5142238507,330.78131158,-0.00822635928035,-0.00361169979768,-4.7643136987
2.11,Terrain0,hrp2[LLEG_JOINT5],10,0.231406125606,0.11870125181,-7.19413548567e-05,-9.28144558254e-16,-1.69267194286e-15,-1.0,-89.8833966379,-23.2421836525,218.987108075,0.000688789804542,-0.001884134931,-3.6037192313
2.13,Terrain0,hrp2[RLEG_JOINT5],11,-0.280015564972,-0.0794355183258,-0.000166716403009,5.68188150337e-16,1.37510288695e-17,-1.0,95.1308424543,26.3766954585,341.575620401,-0.00474681821847,-0.003871966593,-2.99495900569
2.13,Terrain0,hrp2[LLEG_JOINT5],10,0.23083392854,0.132359433811,-7.75879285695e-05,3.21552633165e-15,4.06679573093e-15,-1.0,-89.9424467951,-27.922339612,213.319366187,0.000567045461983,-0.00286449914459,-5.38669740914
2.15,Terrain0,hrp2[RLEG_JOINT5],11,-0.280807096282,-0.0738768746186,-0.000194298734338,-4.40500972012e-15,-4.93146644854e-16,-1.0,84.7469196318,20.9578571951,325.666661814,-0.00675740687665,-0.00241916666093,-4.9744246041
2.15,Terrain0,hrp2[LLEG_JOINT5],10,0.209735423007,0.118164099258,-6.12156235101e-05,-1.50340463227e-15,1.22581335763e-15,-1.0,-89.9222414528,-25.2702270188,229.536980231,0.000437834300733,-0.00172114066673,-3.24094227446
2.17,Terrain0,hrp2[RLEG_JOINT5],11,-0.26064560767,-0.0735267340243,-0.000210713101079,-7.11751412771e-15,3.62905835838e-16,-1.0,94.1023100997,21.1646102167,339.011161377,-0.00311336342212,-0.00337323934457,-2.58547267353
2.17,Terrain0,hrp2[LLEG_JOINT5],10,0.253596642581,0.109392790791,-5.45293369064e-05,-4.65185132168e-15,-1.12368779616e-15,-1.0,-89.6718961389,-18.4277183363,212.939377525,-0.000385126704315,-0.00126140144574,-7.31850720432
2.19,Terrain0,hrp2[RLEG_JOINT5],11,-0.280637400231,-0.0702374164619,-0.000170098076251,-1.40707481725e-15,-3.67314531001e-16,-1.0,87.5541783676,20.5258938253,325.731341158,-0.00276273800189,-0.00248781114135,-2.43613771095
2.19,Terrain0,hrp2[LLEG_JOINT5],10,0.231598149334,0.122643251818,-5.79673721401e-05,-5.20538112177e-16,0.0,-1.0,-89.4719009061,-19.9787615539,221.872278699,5.14194819689e-05,-0.0012111342522,-6.62784254065
2.21,Terrain0,hrp2[RLEG_JOINT5],11,-0.280406508169,-0.0827809112431,-0.000154706198667,-2.63274496034e-15,9.61620962345e-16,-1.0,95.1234352379,22.3015046412,338.818622052,-0.00295380262143,-0.00315236772221,-2.64223876619
2.21,Terrain0,hrp2[LLEG_JOINT5],10,0.231603807614,0.122643310335,-5.45386390559e-05,-1.69130014657e-15,6.41696585815e-16,-1.0,-91.5834390592,-20.4486349887,213.526863698,8.27811682198e-05,-0.00140937180571,-7.22958804386
2.23,Terrain0,hrp2[RLEG_JOINT5],10,-0.270697724761,-0.0763395734081,-0.000157740180805,1.43014565308e-15,-9.46059372398e-16,-1.0,85.4183626931,19.8930841442,323.266922617,-0.00276055335957,-0.00191889151288,-2.62142925711
2.23,Terrain0,hrp2[LLEG_JOINT5],10,0.231108314246,0.127504651539,-5.39783863259e-05,4.54963172696e-15,6.33814740848e-16,-1.0,-88.8495328692,-18.0791300881,223.449011425,0.000410096734442,-0.000827859491082,-6.41305298302
2.25,Terrain0,hrp2[RLEG_JOINT5],10,-0.248582634546,-0.0772889050056,-0.000170908839834,-1.43600556849e-15,-2.26602888341e-15,-1.0,92.8324849182,21.6741496231,336.180029552,-0.00255859170704,-0.00247348645209,-2.62205595431
2.25,Terrain0,hrp2[LLEG_JOINT5],10,0.209312382497,0.127956015195,-4.975830128e-05,-2.89569155087e-15,-3.70138952141e-18,-1.0,-91.6235158701,-19.7130622148,215.296778083,-1.2424318218e-05,-0.00115281259216,-7.0746807574
2.27,Terrain0,hrp2[RLEG_JOINT5],10,-0.27098276169,-0.0932196932275,-0.000132937511897,1.40719214361e-15,-1.80005513049e-15,-1.0,84.721478756,23.3984490786,321.990805264,-0.00356654742222,-0.00191567268087,-4.80822980344
2.27,Terrain0,hrp2[LLEG_JOINT5],10,0.209505203315,0.131960998293,-4.88974017158e-05,-2.75845689372e-16,0.0,-1.0,-88.625687385,-22.5571835079,223.383510511,0.00021295619212,-0.00114800994796,-2.73791646793
2.29,Terrain0,hrp2[RLEG_JOINT5],10,-0.270699675697,-0.0763401418677,-0.000128738818389,4.12620235358e-15,1.68310058334e-15,-1.0,93.1905743849,21.2535930144,336.006561493,-0.00374233041088,-0.00246290685697,-5.22610856816
2.29,Terrain0,hrp2[LLEG_JOINT5],10,0.231335923028,0.114705837778,-3.96305927186e-05,-2.87971951963e-15,8.41344645998e-16,-1.0,-91.7105418371,-17.4360801611,215.236083768,3.12395086555e-05,-0.000715383619074,-4.56327015978
2.31,Terrain0,hrp2[RLEG_JOINT5],10,-0.270983904571,-0.0932202027486,-0.000116545424483,4.03618964181e-15,-8.58524995276e-16,-1.0,84.3801264604,22.8520470655,321.465904986,-0.0030520046503,-0.00168069582034,-4.93875135403
2.31,Terrain0,hrp2[LLEG_JOINT5],10,0.209528586669,0.131960815769,-4.36697518501e-05,-2.03880368395e-15,2.77940408409e-16,-1.0,-88.7793513351,-22.4823282842,224.311857004,0.000178544502567,-0.00104254964191,-2.78545799503
2.33,Terrain0,hrp2[RLEG_JOINT5],10,-0.248853274371,-0.0733647754272,-0.000130947546671,-2.67709410653e-15,2.19512224332e-15,-1.0,92.4812947315,23.0893701212,335.333676924,-0.00312081210311,-0.00210406821066,-5.18627399962
2.33,Terrain0,hrp2[LLEG_JOINT5],10,0.209359076871,0.127955706019,-3.9691455747e-05,-3.99383186465e-15,6.39031748624e-16,-1.0,-91.5460487352,-20.7435406806,215.55243077,0.000105795442613,-0.000979536974791,-3.87054300881
2.35,Terrain0,hrp2[RLEG_JOINT5],10,-0.270701339369,-0.0763408662273,-0.000105874430705,1.30117782283e-15,-5.59032859866e-16,-1.0,84.8612799994,21.4498867221,321.801570565,-0.00282564659336,-0.00162617177145,-5.35362073971
2.35,Terrain0,hrp2[LLEG_JOINT5],10,0.209663624211,0.114158630873,-3.23321002419e-05,-1.11873659309e-15,-5.55620241484e-16,-1.0,-88.5784774928,-18.7930353892,222.380809957,-5.33123568236e-06,-0.000652394463481,-2.8750873916
2.37,Terrain0,hrp2[RLEG_JOINT5],10,-0.205457379866,-0.0459667102069,-0.00026347727532,-4.51734133064e-15,7.36746082891e-16,-1.0,86.8992799821,17.2527194266,335.046952502,-0.00366144688989,-0.00344205267351,-4.46429974827
2.37,Terrain0,hrp2[LLEG_JOINT5],11,0.261334031203,0.120189330973,-4.86712812059e-05,-6.98894327996e-16,-8.35887133591e-16,-1.0,-96.016654662,-30.2796800237,246.005109826,0.000642107555498,-0.00166102986448,-4.05590118319
2.39,Terrain0,hrp2[RLEG_JOINT5],10,-0.204623365765,-0.0616935222505,-0.000295581892677,6.73980642011e-15,-2.24786419065e-15,-1.0,86.283826369,16.5509652996,327.345713597,-0.00562047625728,-0.000208064273504,-5.31658831563
2.39,Terrain0,hrp2[LLEG_JOINT5],11,0.181359366395,0.141479312625,-8.18602307627e-05,2.21052192559e-15,5.05395678178e-16,-1.0,-92.7040382089,-1.83685326203,242.799588634,0.00129704637124,0.00180315358391,-7.63323581903
2.41,Terrain0,hrp2[RLEG_JOINT5],10,-0.205216832741,-0.067247203929,-0.000313676702461,1.63586827864e-15,8.23456508157e-16,-1.0,97.4784566904,22.7918573276,337.868072337,-0.00470085846355,-0.00294258026083,-5.26500119617
2.41,Terrain0,hrp2[LLEG_JOINT5],11,0.201910580354,0.124108757043,-6.09433416116e-05,5.1068239766e-15,-5.05212353068e-16,-1.0,-91.0267183523,-20.5165644762,213.197762849,0.000315792798758,-0.00107024691946,-4.46645399638
2.43,Terrain0,hrp2[RLEG_JOINT5],10,-0.203738253512,-0.0616927518894,-0.000250263534443,2.42983958964e-16,1.01784028697e-15,-1.0,144.318010812,8.61121334531,355.461363275,-0.013788939727,-0.0144376182682,-6.72204291735
2.43,Terrain0,hrp2[LLEG_JOINT5],10,0.20946517725,0.127761853084,-7.77322406384e-05,-1.0899406383e-15,1.52076987004e-15,-1.0,-90.4221870634,-29.4978108395,247.711464334,0.00079069064579,-0.00233886536285,-7.58978582804
2.45,Terrain0,hrp2[RLEG_JOINT5],10,-0.226778499368,-0.0563815229169,-0.000267959465317,5.84702782053e-15,1.27887456801e-15,-1.0,98.2243525873,23.2447182116,336.349973558,-0.0065607296268,-0.00166010135391,-5.29031797811
2.45,Terrain0,hrp2[LLEG_JOINT5],11,0.202104779529,0.116803049041,-6.29136859443e-05,-4.36494631323e-15,-7.57590478499e-16,-1.0,-91.0236664757,-19.0924613053,213.498737509,-0.000365786916272,-0.00120400926135,-4.53825641803
2.47,Terrain0,hrp2[RLEG_JOINT5],10,-0.20571558936,-0.0596873501351,-0.000329027945941,0.0,-1.24756066189e-15,-1.0,83.1810602058,19.1207332521,318.153898317,-0.00588232035932,-0.00139228586743,-5.83732497245
2.47,Terrain0,hrp2[LLEG_JOINT5],11,0.201428930835,0.129400854019,-6.98355838534e-05,-5.38591282853e-15,-2.52541496812e-16,-1.0,-90.0057162247,-18.7700704633,228.426348275,0.000213429370692,-0.000843582177252,-2.83873957521
2.49,Terrain0,hrp2[RLEG_JOINT5],10,-0.205400414852,-0.0499413510776,-0.000307651561181,4.82623695224e-15,-1.31678209386e-15,-1.0,94.170899487,20.5533587927,335.563855582,-0.00550193267006,-0.00318140656881,-5.82518605917
2.49,Terrain0,hrp2[LLEG_JOINT5],11,0.221864454364,0.108453813489,-4.83257745818e-05,-1.0775886401e-15,5.05362774203e-16,-1.0,-94.9924471945,-17.9265388831,215.30326733,0.000353607617684,-0.000722090768819,-4.51214474798
2.51,Terrain0,hrp2[RLEG_JOINT5],11,-0.281005948509,-0.0917521796444,-0.000160834735071,-2.20821850903e-15,-2.55876744785e-16,-1.0,87.8478925163,25.0494113397,324.830446109,-0.00563458827036,0.000702155525508,-4.13939202482
2.51,Terrain0,hrp2[LLEG_JOINT5],10,0.23095832188,0.128242278144,-6.01772178622e-05,-2.36987111946e-15,-8.33708831094e-16,-1.0,-91.516447389,-26.8825594314,220.540602097,0.000506068414742,-0.00206807193939,-3.42531368821
2.53,Terrain0,hrp2[RLEG_JOINT5],10,-0.181586051424,-0.0647725815422,-0.000319194583918,-9.66428269107e-15,1.73014649379e-15,-1.0,93.4190468909,25.4942942012,347.315912968,-0.00387127209444,-0.00442263593547,-4.40693144093
2.53,Terrain0,hrp2[LLEG_JOINT5],11,0.201355679841,0.145548728907,-8.85831798731e-05,2.1115956681e-15,-4.71401244392e-15,-1.0,-88.9164450396,-24.7537408851,213.811975255,0.000258159110928,-0.000381602523805,-4.30754307584
2.55,Terrain0,hrp2[RLEG_JOINT5],11,-0.239954920015,-0.0662892150958,-0.00017794392772,-2.65665362153e-15,1.25049290657e-15,-1.0,92.8454694888,27.2021675288,340.848462521,-0.00574814954395,0.00116749588714,-3.6096129482
2.55,Terrain0,hrp2[LLEG_JOINT5],10,0.27505378916,0.123442760861,-6.98863327163e-05,3.14842741355e-15,0.0,-1.0,-85.7657095367,-27.2117646262,208.28528447,-0.000193650946257,-0.00127619630176,-4.00965524777
2.57,Terrain0,hrp2[RLEG_JOINT5],11,-0.260990648572,-0.0791755011383,-0.00019611374813,5.56814248475e-15,-3.88075064088e-16,-1.0,93.9900266987,27.1051506873,339.665707512,-0.00650079238366,0.00033444874113,-3.93526517427
2.57,Terrain0,hrp2[LLEG_JOINT5],10,0.273814150853,0.146826805654,-8.45189485608e-05,-8.59821401944e-16,-2.80531965833e-16,-1.0,-92.2711234533,-28.0952238934,215.855781556,0.000111575404976,-0.00205592289186,-4.08545764233
2.59,Terrain0,hrp2[RLEG_JOINT5],11,-0.281159229932,-0.0792950045685,-0.000184733165903,-1.45193071712e-15,2.08212380851e-15,-1.0,90.2625358026,21.6837698509,329.517560092,-0.00852568829052,0.000817253717852,-5.21239290886
2.59,Terrain0,hrp2[LLEG_JOINT5],10,0.275859174721,0.113716518563,-5.41410379951e-05,-1.01960490293e-14,1.22451181054e-15,-1.0,-91.718596915,-18.1260461946,217.838739642,0.0003528368191,-0.000642940655577,-3.96533803106
2.61,Terrain0,hrp2[RLEG_JOINT5],11,-0.301227277033,-0.0849299773108,-0.000138478654395,0.0,1.74828884908e-16,-1.0,93.2019325803,27.8769872063,346.796453924,-0.00539577412988,-0.00251470151857,-3.71378690412
2.61,Terrain0,hrp2[LLEG_JOINT5],10,0.252288633061,0.142412396194,-6.97518306391e-05,1.74661099763e-15,0.0,-1.0,-86.5544407489,-27.7203809875,210.47190125,0.000282997656248,-0.00171804102828,-3.8974829331
2.63,Terrain0,hrp2[RLEG_JOINT5],11,-0.281160046306,-0.0792952784559,-0.000160571094467,-1.38761874349e-15,-6.99921381561e-16,-1.0,92.4663438992,27.4223947447,340.448407381,-0.00460996745624,-0.00242949934083,-3.53840363526
2.63,Terrain0,hrp2[LLEG_JOINT5],10,0.253178666603,0.136691396928,-6.17639686005e-05,5.63434352495e-16,2.80076702581e-16,-1.0,-88.0022901276,-27.3467513051,208.460470138,0.000556697728011,-0.00191128938451,-4.15965917252
2.65,Terrain0,hrp2[RLEG_JOINT5],11,-0.281255755084,-0.0740235306393,-0.000150339174603,7.00154499553e-16,-6.80101105607e-16,-1.0,91.6931165778,26.9174479234,343.929409216,-0.00448616525387,-0.0021482494998,-3.83659492713
2.65,Terrain0,hrp2[LLEG_JOINT5],10,0.230874457977,0.142003067358,-5.99381771916e-05,-1.76628758757e-15,-2.79910237405e-16,-1.0,-84.3560695964,-27.7522993505,210.095321487,0.000421578498316,-0.00176704110483,-3.65164541412
2.67,Terrain0,hrp2[RLEG_JOINT5],9,-0.161125797799,-0.0651453913788,-0.000419840090236,5.66415354291e-15,3.77474388649e-16,-1.0,95.7515570865,66.9103048597,184.969254119,0.00115754674253,-0.000879618122406,-1.65973346472
2.67,Terrain0,hrp2[LLEG_JOINT5],12,0.266839946057,0.138827380351,-5.70791974374e-05,9.5067561668e-16,4.66328329686e-16,-1.0,-88.5062005673,-36.4438450146,205.489908981,0.0010408888316,-0.00251903625345,-7.14338726307
2.69,Terrain0,hrp2[RLEG_JOINT5],10,-0.205704317344,-0.0576619056868,-0.000326336711343,1.59932267387e-15,-2.44894496652e-15,-1.0,93.3622528574,26.0715075763,347.03812758,-0.0032824256786,-0.0036512697308,-4.149041752
2.69,Terrain0,hrp2[LLEG_JOINT5],11,0.22108934425,0.145922690967,-5.48385733732e-05,2.73369155616e-15,0.0,-1.0,-86.6715416647,-25.9287778513,211.464637489,0.000244259421524,-0.0013856014609,-4.12752422037
2.71,Terrain0,hrp2[RLEG_JOINT5],10,-0.228093365857,-0.0464654436195,-0.000267300204471,0.0,2.81162738921e-16,-1.0,91.052978368,23.138119494,337.953057608,-0.00285714525135,-0.00322635514502,-4.2195843787
2.71,Terrain0,hrp2[LLEG_JOINT5],11,0.221088673494,0.145930778644,-5.08252086813e-05,2.67221437264e-15,3.19259738375e-15,-1.0,-91.2728148729,-23.8751641068,215.784625075,0.000352958933125,-0.00115285362637,-6.45934343028
2.73,Terrain0,hrp2[RLEG_JOINT5],10,-0.228094209611,-0.0464656547473,-0.00024856490266,4.6302162123e-15,-1.04830189996e-15,-1.0,91.7397253317,22.5951226718,343.845967596,0.00177939659606,-0.00259010050333,-0.788408440372
2.73,Terrain0,hrp2[LLEG_JOINT5],11,0.240558108728,0.146305399109,-4.93615367059e-05,-6.44906373332e-15,2.5449128863e-16,-1.0,-87.2094527315,-25.231207026,211.439302211,0.000235161651491,-0.00141561103842,-7.50543394949
2.75,Terrain0,hrp2[RLEG_JOINT5],11,-0.261202298377,-0.0736901405343,-0.000179368563159,1.37156498784e-15,8.35325994323e-16,-1.0,89.1668201442,24.033313699,334.510532005,-0.00173966683084,-0.00217302775024,-1.60119059252
2.75,Terrain0,hrp2[LLEG_JOINT5],10,0.230955927141,0.142016037255,-4.40804557978e-05,-3.54292328253e-15,0.0,-1.0,-89.0589599767,-24.3284150647,215.45516614,0.000203850069301,-0.00117362437934,-6.82641570949
2.77,Terrain0,hrp2[RLEG_JOINT5],11,-0.261744379617,-0.0789868565259,-0.000166551107663,-3.32443531456e-15,-8.43568452894e-16,-1.0,90.4035788926,22.5671653433,342.489284386,-0.00284188370373,-0.00198438802043,-2.42848145578
2.77,Terrain0,hrp2[LLEG_JOINT5],10,0.253819742965,0.12297944203,-3.49697491615e-05,-5.11375797675e-15,2.80444891369e-16,-1.0,-93.7510321526,-17.4346411992,217.710597814,9.30903854723e-05,-0.000700628510272,-6.89819526793
2.79,Terrain0,hrp2[RLEG_JOINT5],11,-0.301033621709,-0.0885966631464,-0.000104826035426,1.28865560054e-15,1.23797780437e-15,-1.0,88.0791061454,23.4594315174,332.4522031,-0.00198190345951,-0.00183732544973,-1.68866030224
2.79,Terrain0,hrp2[LLEG_JOINT5],10,0.231012448163,0.142018994702,-3.9625858069e-05,-2.2677911883e-15,-2.03423912612e-15,-1.0,-89.0695997215,-23.965530098,216.287872901,0.000171665622941,-0.00104655061898,-6.76453714633
2.81,Terrain0,hrp2[RLEG_JOINT5],10,-0.249812620254,-0.0662809045402,-0.000196280184803,8.90739838099e-15,7.6954968024e-16,-1.0,69.9254111318,20.7260520954,328.244316849,-0.0042088957616,-0.00131655063649,-2.03032319697
2.81,Terrain0,hrp2[LLEG_JOINT5],11,0.241799757753,0.116142628962,-2.85275210465e-05,1.5358162815e-15,-1.83993244336e-17,-1.0,-3.59619530795e-13,1.52153893711e-13,200.242115795,-2.77555756156e-15,-1.7763568394e-15,-4.75738761243e-14
2.83,Terrain0,hrp2[RLEG_JOINT5],10,-0.228330909802,-0.0691722448766,-0.00021176609059,0.0,2.8199958758e-16,-1.0,87.2495353914,23.0035621516,332.320440203,-0.00069906847483,-0.00202382950676,-1.42019827306
2.83,Terrain0,hrp2[LLEG_JOINT5],11,0.240695438716,0.137404021483,-3.47355707625e-05,0.0,3.17725763529e-15,-1.0,-90.5693669287,-23.7134989034,218.196244279,-0.000147685688849,-0.00109251513283,-7.07197776733
2.85,Terrain0,hrp2[RLEG_JOINT5],11,-0.281585620516,-0.0757852607065,-0.000131143078367,-1.2931443831e-15,1.00938221667e-15,-1.0,90.3062583672,23.9094681735,340.986028408,-0.000302094913917,-0.00193217422563,-1.22520066546
2.85,Terrain0,hrp2[LLEG_JOINT5],10,0.253139895087,0.138512193045,-3.41261998734e-05,5.6041586154e-16,0.0,-1.0,-86.4434405655,-22.5437477002,211.82146699,-3.82828054454e-05,-0.000882873729004,-7.48713628071
2.87,Terrain0,hrp2[RLEG_JOINT5],9,-0.210328233775,-0.0504450083122,-0.000331262010876,-1.80892718947e-15,-6.20259743939e-16,-1.0,88.9204175874,12.0863762236,334.533902061,-0.00765170867114,-0.00320009131017,-5.69709545346
2.87,Terrain0,hrp2[LLEG_JOINT5],12,0.249862964836,0.130408939918,-2.98569427435e-05,3.79129940423e-15,-3.37927514771e-15,-1.0,-94.026739353,-17.096059261,242.882187644,6.66302753251e-05,-0.000380282556158,-4.89202050801
2.89,Terrain0,hrp2[RLEG_JOINT5],9,-0.211038915748,-0.0721069397521,-0.000301687904335,5.40356143731e-15,8.92821114175e-16,-1.0,87.3955672381,21.1636501526,333.598761585,-0.00603515562752,-0.00282249461373,-5.7072987499
2.89,Terrain0,hrp2[LLEG_JOINT5],12,0.232511555474,0.130018759139,-2.79870462522e-05,8.09912829466e-15,4.95358197577e-16,-1.0,-91.0931143978,-16.5677476768,222.755668201,-4.04546359911e-07,-0.000289809699638,-3.18381698291
2.91,Terrain0,hrp2[RLEG_JOINT5],9,-0.211156591202,-0.046176047587,-0.000285362100542,-3.50397851027e-17,-1.62733192878e-15,-1.0,84.4233707561,16.2276448296,323.525652911,-0.00484949009825,-0.00314702369437,-5.49337396168
2.91,Terrain0,hrp2[LLEG_JOINT5],12,0.214050298533,0.12633238703,-2.52139392652e-05,-6.13492375968e-15,-2.39608179899e-15,-1.0,-88.8204644279,-16.3248642651,221.824530275,7.7841797901e-05,-0.000277269384393,-3.29249281294
2.93,Terrain0,hrp2[RLEG_JOINT5],9,-0.259979123858,-0.0621801656557,-0.000188706116864,-5.07971500902e-15,2.4700093547e-15,-1.0,88.2554989664,21.4954606171,336.530033595,-0.00625238387705,-0.00230635880162,-5.58779004556
2.93,Terrain0,hrp2[LLEG_JOINT5],12,0.214073261462,0.126271824662,-2.41343248057e-05,3.30259559013e-15,0.0,-1.0,-91.8067495281,-16.1303245138,219.034306056,2.55968576512e-06,-0.000302813113516,-3.61966121633
2.95,Terrain0,hrp2[RLEG_JOINT5],10,-0.271463973251,-0.0765707170208,-0.000158331475422,1.47666792966e-15,8.06468169949e-16,-1.0,86.427367908,22.4090470337,328.076100804,-0.00561048244744,-0.00188544152995,-4.86769364721
2.95,Terrain0,hrp2[LLEG_JOINT5],10,0.231799010376,0.128238179181,-2.43033830463e-05,-1.69667542093e-15,2.77855173075e-16,-1.0,-88.8659124205,-21.3296788363,218.176283148,-1.39617025733e-05,-0.000586876998541,-3.42080576604
2.97,Terrain0,hrp2[RLEG_JOINT5],10,-0.293536805707,-0.0827758554935,-0.000118632473626,-2.89561595919e-15,2.21871219535e-15,-1.0,93.1846646527,25.0576245882,340.475409331,-0.00440666306892,-0.00261664758152,-4.3796120219
2.97,Terrain0,hrp2[LLEG_JOINT5],10,0.253637253097,0.137190085255,-2.62832321893e-05,-1.3007218359e-15,-2.01595104177e-15,-1.0,-92.0569289897,-25.1575986548,213.054142755,5.12473103892e-05,-0.000734471445901,-4.26478107485
2.99,Terrain0,hrp2[RLEG_JOINT5],10,-0.293191381421,-0.0867703163321,-0.000111067567898,2.83569735372e-15,1.87819549619e-15,-1.0,86.7471466697,22.9596518368,328.55772571,-0.00450019622121,-0.00155449300103,-4.66183709928
2.99,Terrain0,hrp2[LLEG_JOINT5],10,0.232418065788,0.124311007405,-2.18654867662e-05,1.69383328767e-15,-8.5254723598e-16,-1.0,-89.4713841966,-22.6418690038,217.399006781,4.48604377519e-05,-0.00055735875575,-3.40823365535
3.01,Terrain0,hrp2[RLEG_JOINT5],9,-0.235874688028,-0.0466488949731,-0.000239659181628,-5.11462561694e-15,3.15042145547e-16,-1.0,122.150609426,-19.7802215014,364.13652769,-0.0146156103225,-0.00680636619927,-8.58395788314
3.01,Terrain0,hrp2[LLEG_JOINT5],12,0.250036867496,0.130301329831,-2.32236663205e-05,4.66005009035e-16,-3.11791915297e-15,-1.0,-90.7048900196,-31.8686736738,219.778364474,0.000398188366157,-0.000801128373863,-0.208571002409
3.03,Terrain0,hrp2[RLEG_JOINT5],9,-0.210973102672,-0.0657461155791,-0.000252761954811,0.0,2.82531762239e-15,-1.0,87.5270748319,18.7797078104,329.275308978,-0.00475679947651,-0.0021715358984,-5.40823573948
3.03,Terrain0,hrp2[LLEG_JOINT5],12,0.231939025574,0.126564076246,-2.09954580022e-05,-2.35028028941e-15,-6.96217549974e-16,-1.0,-90.2499784385,-15.9672821053,217.987065722,-0.000246866973792,-0.00029241936842,-3.91386114515
3.05,Terrain0,hrp2[RLEG_JOINT5],10,-0.250015416662,-0.0819400473033,-0.000180105468706,2.86842961087e-15,-2.72479416289e-16,-1.0,93.2475152346,24.1063384983,342.454335472,-0.00492057647634,-0.001694921823,-4.81858810157
3.05,Terrain0,hrp2[LLEG_JOINT5],11,0.242154914216,0.13021550442,-2.13891653496e-05,5.12658675903e-16,2.5451120696e-16,-1.0,-93.2325195672,-20.8843598789,215.144231903,-9.48772196675e-05,-0.000507473430234,-4.48042795469
3.07,Terrain0,hrp2[RLEG_JOINT5],11,-0.281327823808,-0.0830718644057,-0.000194342141548,-3.0045246859e-15,-2.19982864221e-15,-1.0,89.0568782727,21.7606543262,333.071848744,-0.00809915486665,0.000108597825134,-5.13509716101
3.07,Terrain0,hrp2[LLEG_JOINT5],10,0.210988393661,0.1140275353,-2.72036839186e-05,-2.28385588489e-15,-1.40885703166e-15,-1.0,-95.29394812,-18.2357253527,221.015693247,0.000184494749322,0.000203566657117,-4.18619628219
3.09,Terrain0,hrp2[RLEG_JOINT5],11,-0.261829529284,-0.0702251520737,-0.000213367648118,-1.42964948005e-15,-1.48752921784e-15,-1.0,92.7685628477,22.5760358345,339.537108173,-0.00498652461916,-0.000662290716986,-4.53737647156
3.09,Terrain0,hrp2[LLEG_JOINT5],10,0.210541064509,0.123819433446,-2.80477630509e-05,-1.14118592815e-15,8.64553558621e-16,-1.0,-92.3103334773,-21.7536292151,212.819058074,0.000224233396723,1.66373565524e-06,-4.40397730483
3.11,Terrain0,hrp2[RLEG_JOINT5],11,-0.261793191806,-0.0737415394159,-0.000198097697758,2.79617136764e-15,1.47675903638e-15,-1.0,88.0249863651,23.5363768571,329.555765163,-0.00434318382293,0.00037172697263,-4.4123643466
3.11,Terrain0,hrp2[LLEG_JOINT5],10,0.210765082332,0.12782455002,-2.76328535827e-05,5.09884343875e-15,5.60017610502e-16,-1.0,-90.1560662153,-23.5198560832,216.379125061,0.000184404983615,6.94186123606e-05,-3.81488796935
3.13,Terrain0,hrp2[RLEG_JOINT5],11,-0.262111266725,-0.0790857573771,-0.000183359123593,-9.46441314508e-15,-1.88079557315e-15,-1.0,92.2439693125,25.835454906,341.538062909,-0.00386992949924,-0.000491789925694,-4.13511566326
3.13,Terrain0,hrp2[LLEG_JOINT5],10,0.210803289197,0.127824609846,-2.64861227843e-05,-2.27270320267e-15,5.59572859614e-16,-1.0,-92.8134164348,-24.4376589798,213.129116834,0.00020013309298,-9.40921391502e-05,-4.21952135149
3.15,Terrain0,hrp2[RLEG_JOINT5],11,-0.281646862795,-0.0794411951812,-0.000146592245762,2.65018459999e-15,1.12593844477e-15,-1.0,89.6943518021,26.0644613215,333.293339355,-0.00322927261618,0.000150980910678,-3.63576868418
3.15,Terrain0,hrp2[LLEG_JOINT5],10,0.232248795968,0.128238398274,-2.52331148346e-05,-1.70987394156e-15,1.12216178939e-15,-1.0,-90.1856210066,-28.5113062308,214.223580562,-1.57525963562e-06,-0.0002049683997,-4.12229554406
3.17,Terrain0,hrp2[RLEG_JOINT5],11,-0.281579239407,-0.0705293869654,-0.000137919917548,3.89136169159e-15,1.8381972239e-16,-1.0,90.3406918715,23.8395305208,343.782578244,-0.00237098356445,-0.00165097128377,-3.75221376706
3.17,Terrain0,hrp2[LLEG_JOINT5],10,0.210714849058,0.123819673935,-2.35152703814e-05,5.66034676745e-16,0.0,-1.0,-81.1965749559,-24.0414951489,205.300954005,9.40150179428e-05,-0.000147171228924,-3.63525627343
3.19,Terrain0,hrp2[RLEG_JOINT5],11,-0.26214510478,-0.0915142573255,-0.000147445617685,0.0,3.18720555089e-16,-1.0,90.9018234337,27.9582247423,340.519258085,-0.00285602166733,-0.00126343656053,-3.27608743638
3.19,Terrain0,hrp2[LLEG_JOINT5],10,0.232899010749,0.118446701279,-2.14567466175e-05,-1.46322691925e-15,-1.14258151046e-15,-1.0,-91.149981454,-27.994974838,210.154555695,1.38280332499e-05,-0.000451580299519,-4.37930432114
3.21,Terrain0,hrp2[RLEG_JOINT5],11,-0.281860728607,-0.0793900089084,-0.000119446909706,2.49767682474e-15,-1.12768293458e-15,-1.0,92.9303371144,27.3208336619,347.635128736,-0.00234659115067,-0.00156993128669,-3.69660757105
3.21,Terrain0,hrp2[LLEG_JOINT5],10,0.232474392059,0.128238616175,-2.27481975434e-05,2.26550647768e-15,-1.42012769589e-15,-1.0,-92.2171977641,-26.9735369324,212.926191687,0.000102352942667,-0.000464373161203,-4.50543312663
3.23,Terrain0,hrp2[RLEG_JOINT5],11,-0.28172462367,-0.0919592065502,-0.000179711380412,0.0,-1.51861872913e-15,-1.0,92.6192601826,26.708211357,342.671331846,-0.00508937149112,-0.00118431442956,-3.75700376353
3.23,Terrain0,hrp2[LLEG_JOINT5],10,0.232132544052,0.132218447062,-3.82433692276e-05,-1.68315225393e-15,2.84960849289e-16,-1.0,-95.7981929731,-26.0594655549,216.821517148,-0.000549962933524,-0.00143463714757,-5.23592723228
3.25,Terrain0,hrp2[RLEG_JOINT5],11,-0.261699810925,-0.0738175997866,-0.000202957397567,4.27697767517e-15,2.9601287147e-15,-1.0,91.8255838837,26.6054203614,340.968362535,-0.0039482219555,-0.000866207748251,-3.8353151669
3.25,Terrain0,hrp2[LLEG_JOINT5],10,0.253649536555,0.142435960945,-4.23951501468e-05,2.36680549966e-15,0.0,-1.0,-91.6126220578,-26.8548354842,211.58537876,-0.000194528982539,-0.00140695858007,-4.23350063792
3.27,Terrain0,hrp2[RLEG_JOINT5],11,-0.281447040897,-0.0830990920469,-0.000158628127221,5.5285961479e-15,-1.34479356341e-15,-1.0,89.619980703,26.4915888638,332.146953193,-0.00424953920458,-0.000228094821551,-3.57509994089
3.27,Terrain0,hrp2[LLEG_JOINT5],10,0.253713200741,0.142435960992,-4.02491336635e-05,2.24674420657e-15,2.84017848484e-16,-1.0,-89.2741085196,-26.985461487,211.402913353,-0.00023538928315,-0.00117704716661,-3.98180849304
3.29,Terrain0,hrp2[RLEG_JOINT5],11,-0.261489254463,-0.0878115199547,-0.000248695590922,-2.9125353506e-15,-5.1142895799e-16,-1.0,92.0584480985,22.4691721181,344.24670422,-0.00827127596242,0.0018544663541,-4.99798400458
3.29,Terrain0,hrp2[LLEG_JOINT5],10,0.210680696792,0.127786644107,-4.00878828469e-05,2.91360543297e-15,1.40106096199e-15,-1.0,-98.0102603449,-18.9468442302,218.475123001,-0.000808065319439,-0.00223482087519,-4.68462821077
3.31,Terrain0,hrp2[RLEG_JOINT5],11,-0.220461113272,-0.0681291051889,-0.000256053258742,3.49677557602e-16,5.25951081989e-16,-1.0,90.2624026631,24.2726421922,337.021896129,-0.00676913309214,0.00222979389938,-4.16082645107
3.31,Terrain0,hrp2[LLEG_JOINT5],10,0.254930405838,0.128707022149,-5.67294983461e-05,3.51280367271e-15,-5.6571440098e-16,-1.0,-96.6779031498,-23.4403283666,217.711298003,-0.000254034935407,-0.0017698718732,-4.58375257961
3.33,Terrain0,hrp2[RLEG_JOINT5],11,-0.241132966669,-0.0892685916399,-0.00023353049674,-2.07964102287e-15,1.04704867043e-15,-1.0,90.7006074348,27.3064706439,343.601817361,-0.00664133499131,0.00208249879635,-3.57651724812
3.33,Terrain0,hrp2[LLEG_JOINT5],10,0.233361755466,0.124287411687,-4.84509957433e-05,-4.15765608053e-15,0.0,-1.0,-81.6635662891,-24.6383353704,206.211723596,-0.000617226919321,-0.000680876721479,-3.8990757243
3.35,Terrain0,hrp2[RLEG_JOINT5],11,-0.261531729774,-0.0822712364766,-0.000211449862506,1.54463028386e-15,1.14113464315e-15,-1.0,89.3515226914,26.8260879983,338.06146934,-0.00434261654858,0.00195594244259,-3.33239666263
3.35,Terrain0,hrp2[LLEG_JOINT5],10,0.232948669649,0.128214572145,-4.69734658305e-05,9.39724109469e-18,0.0,-1.0,-93.9958410785,-28.3083433963,212.804834192,-0.000272086615189,-0.00152574654152,-4.31155771505
3.37,Terrain0,hrp2[RLEG_JOINT5],10,-0.228899568652,-0.0917576389161,-0.000294491736096,-1.16037359886e-14,6.69470783169e-16,-1.0,88.5111574443,27.4721280595,343.4714548,-0.00469424636756,0.00127606430644,-3.52231734971
3.37,Terrain0,hrp2[LLEG_JOINT5],10,0.211521010704,0.123794985241,-3.98770740557e-05,-1.14194518291e-15,4.06180353896e-15,-1.0,-82.3586121075,-24.9751650878,207.162895569,-0.000477847638055,-0.000510753770093,-3.6190402311
3.39,Terrain0,hrp2[RLEG_JOINT5],10,-0.271875138415,-0.0823690998024,-0.00020159505385,6.41612094493e-15,9.48317537983e-16,-1.0,88.2862078233,27.5718514607,338.864244995,-0.00404645955954,0.00176445238677,-3.13998454755
3.39,Terrain0,hrp2[LLEG_JOINT5],10,0.255516144948,0.128707134521,-4.5052269898e-05,-1.15604998975e-15,-2.0795525695e-15,-1.0,-94.7052083492,-29.2539814165,214.679387754,-0.000355636508584,-0.00134960534754,-4.16787635644
3.41,Terrain0,hrp2[RLEG_JOINT5],10,-0.271875946823,-0.0823690641949,-0.000187787773039,-1.53681929445e-15,-2.7938078761e-16,-1.0,90.319427794,27.0548290414,341.863099056,-0.00416982285646,0.00163323821004,-3.42165793245
3.41,Terrain0,hrp2[LLEG_JOINT5],10,0.255682368592,0.128707172592,-4.26860393561e-05,2.84708181915e-16,-2.84225071591e-16,-1.0,-86.8354943777,-28.058257664,209.169690766,-0.000410772834217,-0.000949226818312,-4.09275686256
3.43,Terrain0,hrp2[RLEG_JOINT5],10,-0.27233735904,-0.0863345344964,-0.00017917312018,-1.53674229531e-15,-1.11758296554e-16,-1.0,88.0111972294,26.6081038873,334.060351014,-0.00434721872168,0.00144112215256,-3.43571888561
3.43,Terrain0,hrp2[LLEG_JOINT5],10,0.212198466523,0.126421260791,-3.4673005517e-05,-2.25374263443e-15,0.0,-1.0,-105.299009119,-25.5476590591,211.696602265,-0.000215437829593,-0.00144691236777,-4.47215531965
3.45,Terrain0,hrp2[RLEG_JOINT5],11,-0.282302998524,-0.0758502093031,-0.000152358086052,0.0,2.53982271899e-16,-1.0,91.7654595026,26.7526393157,345.687845883,-0.00455009466108,0.00127330010552,-3.71042737145
3.45,Terrain0,hrp2[LLEG_JOINT5],10,0.256016263858,0.134577168368,-4.02364472315e-05,-1.12240976882e-15,-2.83386123461e-16,-1.0,-87.3221048973,-24.782243536,210.650891107,-0.00058423373792,-0.000514738077382,-4.44892161399
3.47,Terrain0,hrp2[RLEG_JOINT5],11,-0.302013565422,-0.0672632238037,-0.000115920041265,-2.66170555239e-15,0.0,-1.0,87.4041352627,26.7902187218,335.866406639,-0.00338004144024,0.00134311179536,-3.36527694336
3.47,Terrain0,hrp2[LLEG_JOINT5],10,0.255612390378,0.138507103013,-4.24399575514e-05,-5.58507954449e-16,0.0,-1.0,-98.7840143704,-28.2281910579,210.393877537,-0.000728595983359,-0.00132156722442,-6.06195370486
3.49,Terrain0,hrp2[RLEG_JOINT5],11,-0.301921443427,-0.0834463292342,-0.000109296908954,1.30457631217e-15,-2.30978385121e-15,-1.0,87.4302556311,29.3478889309,348.347928786,-0.00301293158501,-0.000703400770178,-2.92588283353
3.49,Terrain0,hrp2[LLEG_JOINT5],10,0.255877204437,0.138508081377,-4.01791587868e-05,0.0,2.83436940991e-16,-1.0,-82.6021739652,-28.2785050357,205.960138228,-0.000425795303479,-0.000561880482857,-3.5301295299
3.51,Terrain0,hrp2[RLEG_JOINT5],11,-0.302178970085,-0.0709035424358,-0.000101579208472,1.26828101491e-15,1.91380904381e-16,-1.0,85.9108516977,28.1081485636,342.922072995,-0.00259208544597,0.000376164070157,-2.95636556581
3.51,Terrain0,hrp2[LLEG_JOINT5],10,0.234116160036,0.132216029533,-3.3543465544e-05,2.2852604203e-15,3.4823703907e-15,-1.0,-81.414920952,-27.980981407,203.307812731,-0.000498588906649,-0.00048569321702,-3.47648716011
3.53,Terrain0,hrp2[RLEG_JOINT5],11,-0.301820533726,-0.0887181611992,-9.62115644519e-05,0.0,1.16976880102e-15,-1.0,86.9171773617,28.1423279363,342.293246108,-0.00294188485294,-0.000742148787362,-3.18156513985
3.53,Terrain0,hrp2[LLEG_JOINT5],10,0.257077640309,0.134581131911,-3.52081360544e-05,0.0,2.82410085324e-16,-1.0,-82.1508468362,-27.9764226807,205.820896699,-0.000267237309052,-0.000543548391328,-3.39928814102
3.55,Terrain0,hrp2[RLEG_JOINT5],11,-0.281677074591,-0.0883332339731,-0.000109865014966,-3.70135278132e-15,1.99908137097e-15,-1.0,67.9624627025,21.2191045862,340.907402666,-0.00193110199682,-0.00179195354595,-3.91976851377
3.55,Terrain0,hrp2[LLEG_JOINT5],10,0.213462335519,0.14159911764,-3.78471277672e-05,9.72286874075e-15,-3.20123986939e-15,-1.0,-2.36612361145e-12,6.87760341146e-13,221.013909478,-3.88578058619e-15,1.33226762955e-14,-9.47294078142e-14
3.57,Terrain0,hrp2[RLEG_JOINT5],11,-0.301539732731,-0.0923590369806,-8.45424829752e-05,-1.22469866857e-15,-2.03758368078e-16,-1.0,86.7551694682,28.2216389197,345.847961123,-0.00251503038392,9.81688579804e-05,-2.94765673952
3.57,Terrain0,hrp2[LLEG_JOINT5],10,0.256612660041,0.142437237624,-3.70244731559e-05,-1.68414118603e-15,3.48687436077e-15,-1.0,-84.0491781389,-28.5501095376,209.162411048,-0.000186699634564,-0.000219499629364,-3.75735708901
3.59,Terrain0,hrp2[RLEG_JOINT5],11,-0.262606155278,-0.0914941726467,-0.000114020010346,2.86010540858e-15,1.06612743138e-15,-1.0,84.6937280836,28.5058869785,338.772216451,-0.00201264252667,0.000121688029481,-2.63562452054
3.59,Terrain0,hrp2[LLEG_JOINT5],10,0.25751117506,0.128779156588,-3.03977897217e-05,-2.28259918984e-15,0.0,-1.0,-87.6212759254,-27.7785718565,208.654002697,-8.87400562426e-05,-0.000301059052776,-3.93432250541
3.61,Terrain0,hrp2[RLEG_JOINT5],11,-0.26260668166,-0.0914942148731,-0.000106951352896,3.56994343204e-15,-7.67099683564e-16,-1.0,85.4534693785,29.622996241,346.560390821,-0.00191524566772,-7.27635251336e-05,-2.76461763373
3.61,Terrain0,hrp2[LLEG_JOINT5],10,0.257206400634,0.142437355216,-3.38528369458e-05,-2.27395033439e-15,3.47506214333e-15,-1.0,-83.7773791645,-28.5204130182,207.556268866,-0.000166052836592,-0.000219130446596,-3.48394236013
3.63,Terrain0,hrp2[RLEG_JOINT5],11,-0.26195721664,-0.0790447987308,-0.000100553898095,2.35056712609e-15,0.0,-1.0,85.561660275,28.6082582992,341.826129218,-0.0018129530541,-0.000438162431331,-2.91487401332
3.63,Terrain0,hrp2[LLEG_JOINT5],10,0.258215984658,0.132711771787,-2.90917784041e-05,2.22662802157e-15,1.13825174856e-15,-1.0,-82.965134476,-28.3174745756,206.620303963,-0.000103467096351,-0.000207017165586,-3.45530795541
3.65,Terrain0,hrp2[RLEG_JOINT5],11,-0.281800808724,-0.0830661747518,-8.04012508464e-05,0.0,1.04999821783e-15,-1.0,85.4393317981,27.4410595666,337.135956592,-0.00187787239545,0.000325387099608,-2.96891217099
3.65,Terrain0,hrp2[LLEG_JOINT5],10,0.258564050582,0.132711825119,-2.78693021602e-05,0.0,0.0,-1.0,-94.5358290292,-28.3235963187,211.473217462,-1.09592565103e-05,-0.000432699122237,-4.24918426016
3.67,Terrain0,hrp2[RLEG_JOINT5],11,-0.302117394656,-0.076185583576,-6.21509923168e-05,-1.15186889558e-15,0.0,-1.0,84.9893846939,28.8343235801,350.173294084,-0.00142844538699,-0.00036841398158,-2.87753295597
3.67,Terrain0,hrp2[LLEG_JOINT5],10,0.236545700255,0.13801540329,-2.80791672448e-05,1.10050705358e-15,0.0,-1.0,-84.6441976223,-28.3665683767,208.149841926,-9.02604802409e-05,-0.000221560721107,-3.57555728126
3.69,Terrain0,hrp2[RLEG_JOINT5],11,-0.262311662891,-0.0702055641017,-8.33044580074e-05,0.0,-8.23566356454e-16,-1.0,84.6835697835,27.6551385077,344.691648582,-0.00114914912396,-0.000115848210801,-2.93907207648
3.69,Terrain0,hrp2[LLEG_JOINT5],10,0.236767416083,0.138015450996,-2.69733972146e-05,3.41557072473e-15,0.0,-1.0,-89.1012761408,-28.3147817051,208.442661935,-6.47323571079e-05,-0.000321966402496,-3.96918075802
3.71,Terrain0,hrp2[RLEG_JOINT5],11,-0.302133295492,-0.0761916069835,-5.57627694489e-05,2.26714772062e-15,-1.07324864334e-15,-1.0,88.7609848791,28.685870511,355.797020367,-0.00111526371125,-0.000283546821982,-3.12513392224
3.71,Terrain0,hrp2[LLEG_JOINT5],10,0.21617680007,0.131732331951,-3.9439508586e-05,-1.12316086257e-15,-5.61580431283e-16,-1.0,-96.0697799561,-27.6907292848,210.505477637,0.000977009127305,0.000156115633543,-6.27982266385
3.73,Terrain0,hrp2[RLEG_JOINT5],10,-0.25090713405,-0.052643297872,-0.00011199862439,0.0,1.44189796291e-15,-1.0,88.8524240254,24.3290039254,349.509169991,-0.000919370183544,-0.000128419955264,-2.60316236155
3.73,Terrain0,hrp2[LLEG_JOINT5],11,0.207518715762,0.141783738974,-4.27982686703e-05,-2.14202652725e-15,0.0,-1.0,-94.5690739621,-28.3660923327,213.004983187,0.000470512364747,0.000281655602579,-4.82282035158
3.75,Terrain0,hrp2[RLEG_JOINT5],10,-0.184789558129,-0.0470052144566,-0.000159182728153,3.88579822045e-15,0.0,-1.0,86.7412637194,22.1725161008,352.241265669,-0.000615554786784,-0.00343291592337,-2.88431828291
3.75,Terrain0,hrp2[LLEG_JOINT5],11,0.227248150347,0.145814467107,-3.97603245164e-05,1.03142840418e-15,-2.63046518305e-15,-1.0,-84.3129008597,-27.522002934,207.822544356,0.000364786717374,0.000147666895011,-4.88840211072
3.77,Terrain0,hrp2[RLEG_JOINT5],11,-0.282045510177,-0.0758461309306,-7.5946777437e-05,-3.47784344542e-15,5.81681910363e-16,-1.0,85.2397345448,29.6458256969,344.528779723,-0.00135143290178,-0.000362775579422,-2.55015119315
3.77,Terrain0,hrp2[LLEG_JOINT5],10,0.216310728255,0.137543573723,-3.56859146778e-05,0.0,0.0,-1.0,-84.5173309392,-27.6934787427,203.931938233,0.000452918715517,6.94239146597e-05,-3.82243128165
3.79,Terrain0,hrp2[RLEG_JOINT5],11,-0.262318841686,-0.0879508270663,-8.4547220711e-05,3.72053773438e-15,-3.42984403703e-17,-1.0,85.2101271906,29.6844246108,350.208704826,-0.00142635121102,-0.000531147334959,-2.68126785996
3.79,Terrain0,hrp2[LLEG_JOINT5],10,0.216676593375,0.123746733259,-2.8525478757e-05,4.5298929998e-15,-1.16679158489e-15,-1.0,-83.0499772023,-27.6671572315,205.09698854,0.000334315153918,-1.42433790935e-05,-3.69357308712
3.81,Terrain0,hrp2[RLEG_JOINT5],11,-0.302488374347,-0.0746162880264,-5.48609031315e-05,-1.14212101077e-15,-7.90332764348e-16,-1.0,87.6299122481,27.7750417653,348.249961673,-0.0010926901143,-0.000362966431752,-2.97090411233
3.81,Terrain0,hrp2[LLEG_JOINT5],10,0.21700307908,0.127763769756,-6.04766356561e-05,4.8651063323e-15,-5.75855131818e-16,-1.0,-92.9833811597,-28.0950568327,209.080073025,0.000940217801768,0.000822141413259,-4.58148883892
3.83,Terrain0,hrp2[RLEG_JOINT5],11,-0.282060608122,-0.0758512146708,-6.41213823994e-05,0.0,-1.32778532405e-15,-1.0,84.8551418589,28.4299789546,348.257191455,-0.000691064629507,-0.000496936945249,-2.7759186283
3.83,Terrain0,hrp2[LLEG_JOINT5],10,0.172829011916,0.142608069841,-7.33141754212e-05,1.19104035391e-15,-5.80636646408e-16,-1.0,-82.4241975983,-27.1563414076,205.387922454,0.00105193200466,0.00049201655554,-3.74996050736
3.85,Terrain0,hrp2[RLEG_JOINT5],12,-0.308861156597,-0.0707151090087,-4.61889257245e-05,-1.02923669758e-15,4.82531266363e-16,-1.0,86.8005021926,28.1963872405,353.06796927,-0.000460041454357,-0.000514215402338,-2.67259303768
3.85,Terrain0,hrp2[LLEG_JOINT5],9,0.152903295639,0.150429650075,-0.000102510776569,8.16931840698e-15,-3.33083601711e-16,-1.0,-83.7519049064,-28.2401451226,205.322248834,0.00142745958627,0.00156502254012,-3.9490334585
3.87,Terrain0,hrp2[RLEG_JOINT5],12,-0.271713314767,-0.0896544315024,-6.22764472193e-05,0.0,3.11041238449e-15,-1.0,84.9476785963,29.4667727517,344.959233167,-0.000782482657793,-0.000593802931253,-2.51662895496
3.87,Terrain0,hrp2[LLEG_JOINT5],9,0.177667957574,0.131202403743,-8.01644515051e-05,0.0,-6.6206808132e-16,-1.0,-82.5357597785,-27.7455273172,201.848077545,0.00105224882812,0.00159871858187,-3.83444841196
3.89,Terrain0,hrp2[RLEG_JOINT5],9,-0.163654337002,-0.0409509638101,-0.000355628504653,-8.71869071251e-15,0.0,-1.0,0.0,0.0,51.0520779367,3.54244952377e-16,0.0,0.0
3.89,Terrain0,hrp2[LLEG_JOINT5],12,0.220166126154,0.127778068499,-7.1207977281e-05,0.0,-5.33838539702e-16,-1.0,0.0,-3.06962825331e-14,286.294488746,5.3290705182e-15,-1.24344978758e-14,1.86186501049e-15
3.91,Terrain0,hrp2[RLEG_JOINT5],11,-0.262905877923,-0.0792586881278,-0.000198219282254,1.41097897008e-15,1.02170189749e-15,-1.0,87.9337572414,24.8489625277,355.168200863,-0.00291472977423,-0.00153809905265,-3.08484282286
3.91,Terrain0,hrp2[LLEG_JOINT5],10,0.194397432367,0.131770144642,-7.28696611255e-05,-1.18292103426e-15,3.86456192359e-16,-1.0,-84.6266301163,-23.83956189,207.158495914,0.000881299100596,0.000572290479004,-4.58285234981
3.93,Terrain0,hrp2[RLEG_JOINT5],11,-0.282804429916,-0.0708125334247,-0.000160009342874,5.46576461468e-15,-1.06613804304e-15,-1.0,84.7670481299,21.6126998612,344.763052261,-0.00284153431491,-0.00121322204255,-2.6813056072
3.93,Terrain0,hrp2[LLEG_JOINT5],10,0.194580096048,0.135775294752,-6.9268411186e-05,-1.50892766518e-15,0.0,-1.0,-82.5055552283,-25.1115841721,204.73839348,0.000623435395403,0.000419659365499,-3.73246971642
3.95,Terrain0,hrp2[RLEG_JOINT5],11,-0.282653507619,-0.0796005216777,-0.000147154765135,-3.98681297256e-15,-1.19314160103e-15,-1.0,85.3422386799,26.7076704556,340.001041741,-0.00202359206057,-0.000329850644774,-3.2788479429
3.95,Terrain0,hrp2[LLEG_JOINT5],10,0.216815193429,0.127857713402,-5.85378201178e-05,-1.18665013957e-15,-5.7098728646e-16,-1.0,-87.1163036117,-23.5405169894,205.818721172,0.000813591522538,0.000611911399827,-4.13892578906
3.97,Terrain0,hrp2[RLEG_JOINT5],11,-0.262584487634,-0.0828896135335,-0.00015990992474,1.29152954125e-15,0.0,-1.0,85.6701767108,23.5514191102,351.408723834,-0.00243615910504,-0.00111493889772,-3.35793889713
3.97,Terrain0,hrp2[LLEG_JOINT5],10,0.238946226973,0.118556690918,-4.88278948031e-05,1.19074725254e-15,5.69788883186e-16,-1.0,-82.3074823273,-21.0263584815,203.576098752,0.000721511237979,0.000546830781981,-4.01308979663
3.99,Terrain0,hrp2[RLEG_JOINT5],11,-0.242847224466,-0.0611447554599,-0.00017541006692,2.56436457565e-15,1.692168381e-15,-1.0,84.9450355585,18.1406688966,344.826533386,-0.00294166914361,-0.00102729996904,-3.14782576465
3.99,Terrain0,hrp2[LLEG_JOINT5],10,0.238848040733,0.114624221348,-4.51543910342e-05,-2.25988036696e-15,-5.6084284274e-16,-1.0,-84.2848975869,-20.0947387006,202.180631082,0.000664342803246,0.000344575621151,-4.22111445974
4.01,Terrain0,hrp2[RLEG_JOINT5],11,-0.26264593526,-0.070398476102,-0.000141976416448,0.0,0.0,-1.0,85.2545916551,21.1738208551,351.094262593,-0.00239217153459,-0.000794635827476,-2.87647854147
4.01,Terrain0,hrp2[LLEG_JOINT5],10,0.216833871656,0.127857795735,-4.88413791482e-05,-2.41079564005e-15,5.97090917808e-16,-1.0,-83.650635643,-22.7964971699,204.820960601,0.000649216697621,0.00041256740769,-4.12892622535
4.03,Terrain0,hrp2[RLEG_JOINT5],11,-0.302394147179,-0.0675144044033,-9.64703605289e-05,1.2378098675e-15,-9.23663578364e-16,-1.0,84.3586261854,21.3024789621,343.870967362,-0.00172614084084,-0.000952376419177,-3.09286327481
4.03,Terrain0,hrp2[LLEG_JOINT5],10,0.216651936059,0.123852659379,-4.52452896181e-05,1.16767736796e-15,-5.66864836993e-16,-1.0,-83.5902833013,-21.3828378553,202.158047351,0.000509596185511,0.000219897133217,-4.08590628259
4.05,Terrain0,hrp2[RLEG_JOINT5],11,-0.282501090066,-0.065468663208,-0.00010803704827,6.08459986974e-15,1.13093024255e-15,-1.0,85.5365371316,20.5012959403,351.447897271,-0.00166453436194,-0.000733294429494,-2.7255789233
4.05,Terrain0,hrp2[LLEG_JOINT5],10,0.195080782676,0.125983706201,-4.56975482779e-05,3.4502267404e-15,0.0,-1.0,-80.5386868837,-23.1106569472,197.813465174,0.000438178204584,0.00018860367759,-4.18278968606
4.07,Terrain0,hrp2[RLEG_JOINT5],11,-0.262655640272,-0.0828270762748,-0.000114044293247,-1.21306223362e-15,5.60899645244e-16,-1.0,84.450013091,24.5480414389,344.789109225,-0.00171281636601,-0.00100860725713,-3.37224241291
4.07,Terrain0,hrp2[LLEG_JOINT5],10,0.238960331437,0.118556912719,-3.6961914263e-05,-3.35189576928e-15,2.85110871722e-16,-1.0,-84.5665279484,-20.7843348723,201.748189959,0.000437338324202,0.000161490557501,-4.18154723433
4.09,Terrain0,hrp2[RLEG_JOINT5],11,-0.302499222607,-0.0853388725076,-7.70387432523e-05,1.18730822269e-15,-4.64079668066e-16,-1.0,85.3093839246,25.2351722515,351.935328124,-0.00144454971852,-0.000719026380687,-3.30033021467
4.09,Terrain0,hrp2[LLEG_JOINT5],10,0.216651871649,0.123852700178,-3.82484345364e-05,0.0,-2.52697259093e-16,-1.0,-81.1508279561,-20.5274781547,198.548861505,0.000377213767268,9.76885176589e-05,-3.98770142925
4.11,Terrain0,hrp2[RLEG_JOINT5],11,-0.282547223454,-0.0796787401236,-0.00015798340829,-4.03914168302e-15,2.63916265031e-16,-1.0,101.594393106,44.5097059482,347.530581774,-0.00423230240355,-0.00142423777719,-6.13465150426
4.11,Terrain0,hrp2[LLEG_JOINT5],10,0.216874014891,0.127867013931,-3.82288943634e-05,-3.47636037704e-15,-3.63892259098e-18,-1.0,-95.5406381563,-26.9370991082,240.847283208,0.000413504063139,0.000376310786792,-4.79026282396
4.13,Terrain0,hrp2[RLEG_JOINT5],11,-0.262708303817,-0.0739360969001,-0.000171345422808,1.28280127231e-15,8.49807542825e-16,-1.0,85.8214842794,25.591406218,349.671110788,-0.00174147062111,-0.00105092951069,-2.79230677512
4.13,Terrain0,hrp2[LLEG_JOINT5],10,0.216900935255,0.127868136072,-3.63488249966e-05,0.0,-2.89632143099e-15,-1.0,-83.3180463654,-24.8914546044,203.067582328,0.000307139858642,-9.83627390575e-05,-4.09235080582
4.15,Terrain0,hrp2[RLEG_JOINT5],11,-0.262869630342,-0.0828932610033,-0.000220790301147,4.39206690754e-15,1.26258812105e-15,-1.0,82.6881084107,23.1307272712,342.66888935,-0.00519653832867,0.00114573728253,-4.41402612406
4.15,Terrain0,hrp2[LLEG_JOINT5],10,0.217184136243,0.131887050039,-3.68742408629e-05,-1.9715389071e-15,2.90070968071e-15,-1.0,-93.1547507545,-23.2548103621,233.329975795,0.000386295169401,0.000288496898818,-5.30514642062
4.17,Terrain0,hrp2[RLEG_JOINT5],11,-0.263125441136,-0.0668979459092,-0.000208775150397,1.44500793576e-15,2.58467768353e-16,-1.0,86.2371965107,18.5611528022,351.785616624,-0.00466697366015,-0.00127073364012,-3.12664821449
4.17,Terrain0,hrp2[LLEG_JOINT5],10,0.21702815066,0.127881920796,-3.46308503244e-05,2.28981315989e-15,-8.61116600787e-16,-1.0,-83.5512522402,-19.5715087081,203.777533809,0.000240853697937,2.5493707716e-05,-4.36985065682
4.19,Terrain0,hrp2[RLEG_JOINT5],11,-0.282337510232,-0.0833588685558,-0.000161968996744,0.0,6.03546285682e-16,-1.0,87.7524568425,22.9398612587,347.000749392,-0.0026628911076,-0.00170251779136,-2.84334863986
4.19,Terrain0,hrp2[LLEG_JOINT5],10,0.23844328098,0.12830690313,-3.20506346413e-05,0.0,-5.65197197433e-16,-1.0,-90.3771154546,-23.320904993,205.752007842,0.000170363469027,5.11765432674e-05,-4.98862023773
4.21,Terrain0,hrp2[RLEG_JOINT5],11,-0.28287499865,-0.0796776589085,-0.000151077956401,2.66068886018e-15,-1.5335812836e-15,-1.0,85.4145153477,24.3993535531,350.966278717,-0.00246291379068,-0.00101169368896,-2.59913663429
4.21,Terrain0,hrp2[LLEG_JOINT5],10,0.194802900588,0.136126610273,-3.33085411737e-05,0.0,-2.83173523063e-16,-1.0,-83.6783678873,-24.5686048951,204.280884639,0.000150115360996,-3.53610843193e-05,-4.19229691716
4.23,Terrain0,hrp2[RLEG_JOINT5],11,-0.26287737202,-0.0704654396804,-0.000169075821913,0.0,2.49054969615e-16,-1.0,83.4835399615,19.3979043727,343.002416214,-0.00311265698967,-0.000931230011214,-2.63411102463
4.23,Terrain0,hrp2[LLEG_JOINT5],10,0.238495524312,0.128309738837,-2.94406478093e-05,0.0,0.0,-1.0,-92.0575842323,-24.9215392626,211.882895697,0.000114278277792,-1.30868534347e-05,-4.52527386771
4.25,Terrain0,hrp2[RLEG_JOINT5],11,-0.302506798489,-0.0837850342625,-0.000107288087429,-2.59933264618e-15,-6.46568002376e-16,-1.0,85.6827774722,21.6305201978,351.363862558,-0.00285768693094,-0.000994140212109,-3.39414877066
4.25,Terrain0,hrp2[LLEG_JOINT5],10,0.217381636076,0.114087908691,-2.70305730633e-05,0.0,5.64500191762e-16,-1.0,-83.5532295184,-19.1645754488,203.471284414,0.000103313988869,-3.7048142866e-05,-4.32986462051
4.27,Terrain0,hrp2[RLEG_JOINT5],11,-0.282672270627,-0.079729636682,-0.000123431049617,-3.8289030118e-15,-5.7884967474e-16,-1.0,86.4953632387,22.6468487408,345.503503221,-0.00194744044922,-0.00122711292898,-2.62782846756
4.27,Terrain0,hrp2[LLEG_JOINT5],10,0.217035179154,0.136632645414,-2.86414197972e-05,1.12741603114e-15,2.81854007785e-16,-1.0,-87.7405566561,-24.4954721182,203.969193328,9.67511518143e-05,-9.25331127184e-05,-4.86117859321
4.29,Terrain0,hrp2[RLEG_JOINT5],11,-0.26262225396,-0.0740329442631,-0.000137285480295,7.49636766195e-15,-1.91770652978e-16,-1.0,85.392064888,20.2775974631,350.980321196,-0.00253141396176,-0.000798550553044,-3.20991254618
4.29,Terrain0,hrp2[LLEG_JOINT5],10,0.216900829037,0.123879593447,-2.59554498029e-05,6.81068000783e-15,2.81017707847e-16,-1.0,-83.6100678827,-19.4779943816,203.510169552,9.73025509068e-05,-5.17580831716e-05,-4.34288119539
4.31,Terrain0,hrp2[RLEG_JOINT5],11,-0.302072715746,-0.0926872752844,-8.72948001504e-05,-8.2189639537e-16,-3.0370237545e-15,-1.0,87.8229836455,23.9927478436,345.951919991,-0.00176640005329,-0.0013335704077,-3.2835791219
4.31,Terrain0,hrp2[LLEG_JOINT5],10,0.261254993231,0.124886568342,-2.46221615459e-05,7.57307317724e-16,1.47279135321e-17,-1.0,-91.4720730771,-21.8464471927,206.121546958,-3.43773265499e-06,-5.57089818247e-05,-5.07309550851
4.33,Terrain0,hrp2[RLEG_JOINT5],11,-0.26288052671,-0.0704659520882,-0.000120542676084,-1.2087561227e-15,8.66297701858e-16,-1.0,85.237752305,19.9393693059,350.492142419,-0.00211613829099,-0.000652577215523,-2.60594660246
4.33,Terrain0,hrp2[LLEG_JOINT5],10,0.21703593788,0.136632757069,-2.55071068942e-05,-1.69162354841e-15,4.21385151788e-16,-1.0,-83.5480577351,-23.5092825254,203.490752861,4.42985494673e-05,-0.000127664546482,-4.39599272659
4.35,Terrain0,hrp2[RLEG_JOINT5],11,-0.263139702825,-0.0793271116685,-0.000111381668267,0.0,0.0,-1.0,85.9078188525,21.6864019674,344.057593873,-0.00191932161039,-0.000959166678081,-3.29240023757
4.35,Terrain0,hrp2[LLEG_JOINT5],10,0.216902629241,0.123879726412,-2.30844736031e-05,-2.26762574917e-15,0.0,-1.0,-86.0928921415,-19.4771027904,202.509255866,4.28666142107e-05,-6.54654835106e-05,-4.6336361462
